Workbook

Sheet Ringkasan
A1: iDesk — Enterprise IT Helpdesk & Operations Platform — UAT Summary
A2: Tanggal Template | B2: 46253.45 | D2: Status | E2: Jumlah
A3: Total Test Case | B3: =SUM(B13:B16) -> 78 | D3: Pass | E3: =B4 -> 0
A4: Pass | B4: =SUM(C13:C16) -> 0 | D4: Fail | E4: =B5 -> 0
A5: Fail | B5: =SUM(D13:D16) -> 0 | D5: Blocked | E5: =B6 -> 0
A6: Blocked | B6: =SUM(E13:E16) -> 0 | D6: Not Run | E6: =B7 -> 78
A7: Not Run | B7: =SUM(F13:F16) -> 78
A8: N/A | B8: =SUM(G13:G16) -> 0
A9: Pass Rate | B9: =IF(B3=0,0,B4/B3) -> 0
A12: Role | B12: Total | C12: Pass | D12: Fail | E12: Blocked | F12: Not Run | G12: Pass Rate
A13: ADMIN | B13: =COUNTA(UAT_ADMIN!A3:A997) -> 26 | C13: =COUNTIF(UAT_ADMIN!J3:J997,"Pass") -> 0 | D13: =COUNTIF(UAT_ADMIN!J3:J997,"Fail") -> 0 | E13: =COUNTIF(UAT_ADMIN!J3:J997,"Blocked") -> 0 | F13: =COUNTIF(UAT_ADMIN!J3:J997,"Not Run") -> 26 | G13: =IF(B13=0,0,C13/B13) -> 0
A14: MANAGER | B14: =COUNTA(UAT_MANAGER!A3:A993) -> 8 | C14: =COUNTIF(UAT_MANAGER!J3:J993,"Pass") -> 0 | D14: =COUNTIF(UAT_MANAGER!J3:J993,"Fail") -> 0 | E14: =COUNTIF(UAT_MANAGER!J3:J993,"Blocked") -> 0 | F14: =COUNTIF(UAT_MANAGER!J3:J993,"Not Run") -> 8 | G14: =IF(B14=0,0,C14/B14) -> 0
A15: AGENT | B15: =COUNTA(UAT_AGENT!A3:A996) -> 18 | C15: =COUNTIF(UAT_AGENT!J3:J996,"Pass") -> 0 | D15: =COUNTIF(UAT_AGENT!J3:J996,"Fail") -> 0 | E15: =COUNTIF(UAT_AGENT!J3:J996,"Blocked") -> 0 | F15: =COUNTIF(UAT_AGENT!J3:J996,"Not Run") -> 18 | G15: =IF(B15=0,0,C15/B15) -> 0
A16: USER | B16: =COUNTA(UAT_USER!A3:A997) -> 26 | C16: =COUNTIF(UAT_USER!J3:J997,"Pass") -> 0 | D16: =COUNTIF(UAT_USER!J3:J997,"Fail") -> 0 | E16: =COUNTIF(UAT_USER!J3:J997,"Blocked") -> 0 | F16: =COUNTIF(UAT_USER!J3:J997,"Not Run") -> 26 | G16: =IF(B16=0,0,C16/B16) -> 0
A17: ALL | B17: =SUM(B13:B16) -> 78 | C17: =SUM(C13:C16) -> 0 | D17: =SUM(D13:D16) -> 0 | E17: =SUM(E13:E16) -> 0 | F17: =SUM(F13:F16) -> 78 | G17: =IF(B17=0,0,C17/B17) -> 0
A22: Kategori | B22: Total | C22: Pass | D22: Fail | E22: Blocked | F22: Not Run | G22: Pass Rate
A23: Open Defect | B23: =COUNTIF(UAT_ADMIN!Q47:Q1044,"<>")+COUNTIF(UAT_MANAGER!Q43:Q1040,"<>")+COUNTIF(UAT_AGENT!Q46:Q1043,"<>")+COUNTIF(UAT_USER!Q47:Q1044,"<>") -> 0 | C23: =COUNTIF(UAT_ADMIN!R47:R1044,"<>")+COUNTIF(UAT_MANAGER!R43:R1040,"<>")+COUNTIF(UAT_AGENT!R46:R1043,"<>")+COUNTIF(UAT_USER!R47:R1044,"<>") -> 0 | D23: =COUNTIF(UAT_ADMIN!S47:S1044,"<>")+COUNTIF(UAT_MANAGER!S43:S1040,"<>")+COUNTIF(UAT_AGENT!S46:S1043,"<>")+COUNTIF(UAT_USER!S47:S1044,"<>") -> 0 | E23: =COUNTIF(UAT_ADMIN!T47:T1044,"<>")+COUNTIF(UAT_MANAGER!T43:T1040,"<>")+COUNTIF(UAT_AGENT!T46:T1043,"<>")+COUNTIF(UAT_USER!T47:T1044,"<>") -> 0 | F23: =COUNTIF(UAT_ADMIN!U47:U1044,"<>")+COUNTIF(UAT_MANAGER!U43:U1040,"<>")+COUNTIF(UAT_AGENT!U46:U1043,"<>")+COUNTIF(UAT_USER!U47:U1044,"<>") -> 0 | G23: =COUNTIF(UAT_ADMIN!V47:V1044,"<>")+COUNTIF(UAT_MANAGER!V43:V1040,"<>")+COUNTIF(UAT_AGENT!V46:V1043,"<>")+COUNTIF(UAT_USER!V47:V1044,"<>") -> 0

Sheet Panduan
A1: PANDUAN PENGISIAN UAT - iDesk Enterprise IT Helpdesk & Operations Platform
A3: Kolom | B3: Cara Pengisian | D3: Status | E3: Keterangan | F3: Tindak Lanjut
A4: Test Case ID | B4: Nomor unik (ADM/MGR/AGN/USE-###). Jangan diubah kecuali tambah skenario baru. | D4: Pass | E4: Hasil sesuai expected result. | F4: Tidak perlu defect.
A5: Role | B5: Pelaksana: ADMIN, MANAGER, AGENT (OPERATIONAL_SUPPORT/ORACLE/ADMIN), USER. | D5: Fail | E5: Hasil tidak sesuai expected result. | F5: Buat defect ID + evidence.
A6: Modul/Fungsi | B6: Nama menu/fitur sesuai Blueprint V2 (Tiket, Hardware, eForm, VPN, Zoom, dsb.). | D6: Blocked | E6: Tidak bisa diuji karena dependensi/lingkungan belum siap. | F6: Catat blocker & PIC.
A7: Skenario UAT | B7: Kondisi bisnis yang divalidasi — fokus pada hasil yang terlihat pengguna. | D7: Not Run | E7: Belum dijalankan. | F7: Masuk rencana eksekusi.
A8: Prasyarat | B8: Kondisi awal sebelum uji (akun aktif, data master tersedia, kuota/jadwal siap). | D8: N/A | E8: Tidak relevan untuk scope UAT saat ini. | F8: Beri catatan alasan.
A9: Data Uji | B9: Data yang dipakai saat uji (akun uji, tiket dummy, file lampiran, tanggal/jam).
A10: Langkah Pengujian | B10: Urutan klik/aksi yang harus dilakukan tester (numbered step).
A11: Expected Result | B11: Hasil yang seharusnya muncul bila sistem berjalan benar.
A12: Actual Result | B12: Diisi tester sesuai hasil nyata di lapangan.
A13: Status | B13: Pilih dari dropdown: Not Run, Pass, Fail, Blocked, N/A.
A14: Severity | B14: Critical / High / Medium / Low — dampak bila gagal.
A15: Evidence/Link | B15: Screenshot/link bukti (wajib untuk Fail, opsional untuk Pass).

Sheet Dropdown
A1: Status | B1: Severity | D1: Role | E1: Status
A2: Not Run | B2: Critical | D2: ADMIN | E2: Administrator — akses penuh
A3: Pass | B3: High | D3: MANAGER | E3: Manager/Approver — persetujuan eForm/hardware/VPN
A4: Fail | B4: Medium | D4: AGENT | E4: Agent Helpdesk — OPERATIONAL_SUPPORT / ORACLE / ADMIN
A5: Blocked | B5: Low | D5: USER | E5: Karyawan (USER) — pemohon layanan
A6: N/A | D6: SYSTEM | E6: Sistem/Cron — proses otomatis (SLA, reminder)

Sheet Referensi
A1: REFERENSI BLUEPRINT & DEVELOPMENT DOCUMENT — iDesk V2 (09 MEI 2026) & Dev Doc V1 (27 JULI 2026)
A3: Area Blueprint | B3: Ringkasan Acuan | C3: Role Terkait | D3: Catatan
A4: Manajemen Pengguna, Peran & Akses (§1.2.1, §2.4) | B4: 6 peran: ADMIN, MANAGER, AGENT_ADMIN, AGENT_OPERATIONAL_SUPPORT, AGENT_ORACLE, USER — terikat Department & Site. Akses 3 lapis (Roles/Page-Access/Feature) + Site Guard & IP Whitelist. | C4: ADMIN, MANAGER, AGENT, USER | D4: Halaman bisa dibuka/tutup per peran; lockout otomatis bila penolakan beruntun.
A5: Siklus Tiket Helpdesk (§1.2.2, §2.5.2, §2.6) | B5: Alur TODO → IN_PROGRESS → WAITING_VENDOR → RESOLVED/CANCELLED. SLA first response & resolution berbasis jam kerja; auto-reassign bila response telat; breach ditandai otomatis. | C5: USER, AGENT, SYSTEM | D5: Label prioritas bisa dikustom admin; cegah tabrakan edit (optimistic locking).
A6: Permintaan Hardware & Instalasi (§1.2.3, §2.5.3, §2.7) | B6: Alur DRAFT → SUBMITTED → REVIEWED → APPROVED/REJECTED → PROCURED → SCHEDULED → INSTALLED → AWAITING_CONFIRM → COMPLETED. Auto-confirm 24 jam bila user diam; reminder D-1/D-0 & aging 07:00. | C6: USER, MANAGER, AGENT | D6: Kalender FullCalendar untuk pilih slot; konfirmasi: ACCEPT_AS_IS / REPORT_ISSUE.
A7: eForm, VPN & Page Access (§1.2.4, §2.5.5, §2.8) | B7: eForm butuh 2 persetujuan manajer berurutan + tanda tangan digital; VPN & page access cukup 1 approval. Page access lockout bila penolakan beruntun capai ambang. | C7: USER, MANAGER | D7: Kredensial terenkripsi; setiap approve/reject tercatat di audit.
A8: Booking Zoom Terpusat (§1.2.5, §2.5.6) | B8: Kelola akun Zoom via Server-to-Server OAuth; pesan slot di kalender, cegah bentrok 1 akun dipakai 2 meeting. Pembuatan via antrean + sinkron meeting luar tiap 5 menit. | C8: USER, ADMIN | D8: Audit peserta & link meeting; sinkron via antrean latar.
A9: Knowledge Base (§1.2.6) | B9: Artikel punya visibilitas Public/Internal/Private & status DRAFT/PUBLISHED/ARCHIVED, kategori/tag & hitungan dilihat. Saved search untuk filter tiket favorit. | C9: USER, AGENT, ADMIN | D9: Editor TipTap + mention; hanya role berwenang bisa terbitkan.
A10: Otomasi & SLA Monitoring (§1.2.7, §2.6, §2.11) | B10: Workflow rule event-driven (trigger-condition-action). Cron SLA tiap 10 & 15 menit: warning dini & tandai breach. Auto-assign pilih agent beban paling ringan (priority weight). | C10: ADMIN, SYSTEM | D10: Refresh token rotation; reassign otomatis bila first response lewat target.
A11: Dashboard, Laporan & Audit Trail (§1.2.8, §2.22-2.23) | B11: Dashboard real-time, laporan PDF & Excel + jadwal harian/mingguan/bulanan. Audit 40+ aksi (login, ubah tiket, approval eForm, dsb.) di audit_logs. | C11: ADMIN, MANAGER, SYSTEM | D11: Notifikasi 3 channel: in-app + email + web push via antrean latar.
A12: Infrastruktur, Keamanan & Integrasi (§1.2.9, §2.19-2.24) | B12: Docker Compose (postgres, redis, backend, frontend). Keamanan: bcrypt, Helmet, throttling, validasi file, JWT rotation, lockout, audit. Integrasi: Zoom S2S, Google Workspace, Synology NAS, SMTP. | C12: ADMIN, SYSTEM | D12: Reverse proxy terminasi SSL; backup & rotation otomatis tiap jam/harian.
A13: Kapasitas & Teknologi (§2.1-2.3) | B13: 1.000+ karyawan aktif, 100 koneksi DB konkuren, Redis + antrean, Socket.IO real-time, PWA offline cache, TanStack Query + Zustand, FullCalendar, TipTap. | C13: ALL | D13: 29 modul backend, 47 controller, 10 guard — arsitektur modular 4 lapis.
A14: Security | B14: JWT, RBAC, rate limiting, input validation, blacklist middleware, error handler. | C14: ALL, SYSTEM | D14: Termasuk negative test.
... A16: Kapasitas Sistem | B16: Mendukung >2.500 karyawan aktif dan 50 koneksi konkuren PostgreSQL. | C16: SYSTEM | D16: Uji performa disesuaikan dengan environment UAT.

Sheet UAT_ADMIN
A1: UAT_ADMIN - USER ACCEPTANCE TEST
A2: Test Case ID | B2: Role | C2: Modul/Fungsi | D2: Skenario UAT | E2: Prasyarat | F2: Data Uji | G2: Langkah Pengujian | H2: Expected Result | I2: Actual Result | J2: Status | K2: Severity | L2: Tester | M2: Tanggal Test | N2: Evidence/Link | O2: Defect ID | P2: Catatan
A3: ADM-001 | B3: ADMIN | C3: Login & Akses | D3: Admin berhasil login dan melihat menu administrasi lengkap. | E3: Akun ADMIN aktif. | F3: Akun admin yang masih aktif | G3: 1. Buka halaman login 2. Masukkan akun admin 3. Klik Login 4. Periksa menu yang muncul | H3: Menu admin tampil lengkap: kelola pengguna, SLA, workflow, audit log, backup, pengaturan sistem, dsb. Menu role lain tidak ikut tampil. | J3: Not Run | K3: High
A4: ADM-002 | B4: ADMIN | C4: Dashboard Admin | D4: Admin melihat ringkasan transaksi dan kinerja helpdesk. | E4: Ada data tiket & permintaan di sistem. | F4: Periode tanggal aktif | G4: 1. Buka Dashboard admin 2. Pilih periode tanggal | H4: Angka total tiket, tren, kepatuhan SLA, dan beban agent tampil sesuai data yang ada. | J4: Not Run | K4: High
A5: ADM-003 | B5: ADMIN | C5: Kelola Pengguna | D5: Admin menambah akun pengguna baru. | E5: Admin sudah login. | F5: Data pengguna baru (nama, NIK, role, departemen, site) | G5: 1. Buka Kelola Pengguna 2. Klik Tambah Pengguna 3. Isi data wajib 4. Simpan | H5: Pengguna baru tersimpan dengan role yang dipilih dan bisa dipakai login sesuai status aktif/nonaktif. | J5: Not Run | K5: High
A6: ADM-004 | B6: ADMIN | C6: Kelola Pengguna | D6: Admin mengubah data pengguna yang sudah ada. | E6: Ada pengguna di daftar. | F6: Perubahan departemen/status/role | G6: 1. Buka detail pengguna 2. Ubah data yang perlu diubah 3. Simpan | H6: Perubahan tersimpan dan tercatat di riwayat audit (audit log). | J6: Not Run | K6: High
A7: ADM-005 | B7: ADMIN | C7: Kelola Pengguna | D7: Admin menonaktifkan akun pengguna. | E7: Ada pengguna aktif. | F7: Pilih status nonaktif | G7: 1. Pilih pengguna 2. Ubah status menjadi nonaktif 3. Simpan 4. Coba login dengan akun tersebut | H7: Akun nonaktif tidak bisa login/menggunakan sistem. | J7: Not Run | K7: High
A8: ADM-006 | B8: ADMIN | C8: Kelola Pengguna — Role | D8: Admin mengubah role pengguna (USER/MANAGER/AGENT/ADMIN). | E8: Ada pengguna. | F8: Role baru | G8: 1. Edit role pengguna 2. Simpan 3. Login dengan akun tersebut | H8: Menu & akses berubah sesuai role baru. | J8: Not Run | K8: High
A9: ADM-007 | B9: ADMIN | C9: Kelola Pengguna — Import CSV | D9: Admin import banyak pengguna via file CSV. | E9: File CSV sesuai template. | F9: File CSV berisi beberapa pengguna | G9: 1. Buka Import CSV 2. Upload file 3. Konfirmasi import | H9: Pengguna dari CSV berhasil dibuat; baris yang gagal diberi pesan jelas. | J9: Not Run | K9: Medium
A10: ADM-008 | B10: ADMIN | C10: Department & Site | D10: Admin menambah/mengubah departemen dan site (lokasi). | E10: Admin login. | F10: Nama departemen/site baru | G10: 1. Buka Department/Site 2. Tambah atau ubah data 3. Simpan | H10: Data tersimpan dan bisa dipilih saat kelola pengguna/tiket. | J10: Not Run | K10: Medium
A11: ADM-009 | B11: ADMIN | C11: SLA Configuration | D11: Admin mengatur target waktu first response & resolution per prioritas. | E11: Admin login. | F11: Prioritas (mis. Low/Medium/High) + target menit | G11: 1. Buka SLA Configuration 2. Atur target per prioritas 3. Simpan | H11: Target tersimpan dan dipakai untuk hitung kepatuhan SLA tiket berikutnya. | J11: Not Run | K11: High
A12: ADM-010 | B12: ADMIN | C12: Business Hours | D12: Admin mengatur jam kerja untuk perhitungan SLA. | E12: Admin login. | F12: Jam kerja (mis. 08:00–17:00, hari aktif) | G12: 1. Buka Business Hours 2. Atur jam & hari kerja 3. Simpan | H12: SLA hanya menghitung di dalam jam kerja; di luar jam kerja tidak dihitung telat. | J12: Not Run | K12: High
A13: ADM-011 | B13: ADMIN | C13: Workflow / Automation Rule | D13: Admin membuat aturan otomasi (mis. auto-assign tiket baru). | E13: Admin login. | F13: Nama rule, trigger (mis. tiket dibuat), kondisi, aksi | G13: 1. Buka Automation / Workflow Rules 2. Buat rule baru 3. Aktifkan & simpan | H13: Rule aktif dan berjalan otomatis saat trigger terjadi; tercatat di riwayat eksekusi. | J13: Not Run | K13: High
A14: ADM-012 | B14: ADMIN | C14: Workflow Rule | D14: Admin mengubah/menonaktifkan automation rule. | E14: Ada rule aktif. | F14: Perubahan kondisi/aksi atau nonaktifkan | G14: 1. Buka daftar rule 2. Edit atau nonaktifkan 3. Simpan | H14: Perubahan berlaku; rule yang nonaktif tidak lagi dipicu. | J14: Not Run | K14: Medium
... A28: ADM-026 | B28: ADMIN | C28: Sound Notification | D28: Admin upload nada notifikasi kustom. | E28: Admin login. | F28: File audio nada baru | G28: 1. Buka Sound Settings 2. Upload nada 3. Simpan | H28: Nada tersimpan dan dipakai untuk notifikasi. | J28: Not Run | K28: Low

Sheet UAT_MANAGER
A1: UAT_MANAGER - USER ACCEPTANCE TEST
A2: Test Case ID | B2: Role | C2: Modul/Fungsi | D2: Skenario UAT | E2: Prasyarat | F2: Data Uji | G2: Langkah Pengujian | H2: Expected Result | I2: Actual Result | J2: Status | K2: Severity | L2: Tester | M2: Tanggal Test | N2: Evidence/Link | O2: Defect ID | P2: Catatan
A3: MGR-001 | B3: MANAGER | C3: Login & Akses Manager | D3: Manager berhasil login dan melihat dashboard manager. | E3: Akun MANAGER aktif. | F3: Akun manager yang masih aktif | G3: 1. Buka login 2. Masukkan akun manager 3. Periksa menu | H3: Dashboard manager tampil: ringkasan pengajuan eForm, hardware request, dan KPI tim. | J3: Not Run | K3: High
A4: MGR-002 | B4: MANAGER | C4: Dashboard Manager | D4: Manager melihat ringkasan pengajuan yang butuh persetujuan. | E4: Ada pengajuan eForm/hardware yang pending. | F4: Filter periode/tim | G4: 1. Buka Manager Dashboard 2. Lihat daftar pending approval | H4: Jumlah pengajuan pending tampil sesuai data. | J4: Not Run | K4: High
A5: MGR-003 | B5: MANAGER | C5: Approval Hardware Request — Approve | D5: Manager menyetujui permintaan hardware. | E5: Ada hardware request status SUBMITTED/REVIEWED. | F5: Request pending approval | G5: 1. Buka daftar hardware request 2. Pilih yang pending 3. Klik Approve | H5: Status lanjut ke PROCURED/proses pengadaan. | J5: Not Run | K5: High
A6: MGR-004 | B6: MANAGER | C6: Approval Hardware Request — Reject | D6: Manager menolak permintaan hardware. | E6: Ada request pending. | F6: Alasan penolakan | G6: 1. Buka request pending 2. Klik Reject 3. Isi alasan | H6: Status menjadi REJECTED; pemohon mendapat notifikasi. | J6: Not Run | K6: High
A7: MGR-005 | B7: MANAGER | C7: Approval VPN Access — Approve | D7: Manager menyetujui permintaan akses VPN. | E7: Ada VPN request pending. | F7: Request pending | G7: 1. Buka VPN Access 2. Approve request | H7: Status VPN menjadi approved; akses VPN diberikan. | J7: Not Run | K7: High
A8: MGR-006 | B8: MANAGER | C8: Approval VPN Access — Reject | D8: Manager menolak permintaan akses VPN. | E8: Ada VPN request pending. | F8: Alasan penolakan | G8: 1. Buka VPN request 2. Reject + isi alasan | H8: Status rejected; pemohon mendapat notifikasi. | J8: Not Run | K8: Medium
A9: MGR-007 | B9: MANAGER | C9: Laporan Eksekutif | D9: Manager melihat laporan agregat tim. | E9: Ada data tiket/request. | F9: Filter periode | G9: 1. Buka Manager Reports 2. Pilih periode 3. Lihat ringkasan | H9: Laporan agregat tampil sesuai filter. | J9: Not Run | K9: Medium
A10: MGR-008 | B10: MANAGER | C10: Notifikasi Approval | D10: Manager mendapat notifikasi saat ada pengajuan baru yang butuh persetujuan. | E10: Ada pengajuan baru. | F10: Pengajuan baru dibuat user | G10: 1. Buat pengajuan baru sebagai USER 2. Login sebagai MANAGER 3. Periksa notifikasi | H10: Notifikasi pengajuan baru muncul di manager (in-app/email sesuai preferensi). | J10: Not Run | K10: Medium

Sheet UAT_AGENT
A1: UAT_AGENT - USER ACCEPTANCE TEST
A2: Test Case ID | B2: Role | C2: Modul/Fungsi | D2: Skenario UAT | E2: Prasyarat | F2: Data Uji | G2: Langkah Pengujian | H2: Expected Result | I2: Actual Result | J2: Status | K2: Severity | L2: Tester | M2: Tanggal Test | N2: Evidence/Link | O2: Defect ID | P2: Catatan
A3: AGN-001 | B3: AGENT | C3: Login & Akses Agent | D3: Agent berhasil login dan melihat papan tiket sesuai tipenya. | E3: Akun AGENT aktif. | F3: Akun agent (OPERATIONAL_SUPPORT / ORACLE / ADMIN) | G3: 1. Login sebagai AGENT 2. Periksa menu & papan tiket | H3: Papan tiket tampil; hanya tiket sesuai tipe agent yang terlihat (ORACLE agent hanya lihat ORACLE_REQUEST). | J3: Not Run | K3: High
A4: AGN-002 | B4: AGENT | C4: Papan Tiket — Kanban | D4: Agent melihat tiket di kolom kanban sesuai status. | E4: Ada tiket dengan berbagai status. | F4: — | G4: 1. Buka Ticket Board / Kanban | H4: Tiket tampil di kolom TODO / IN_PROGRESS / WAITING_VENDOR / RESOLVED sesuai statusnya. | J4: Not Run | K4: High
A5: AGN-003 | B5: AGENT | C5: Detail Tiket — Drawer | D5: Agent membuka detail tiket (percadangan, lampiran, riwayat). | E5: Ada tiket. | F5: ID tiket | G5: 1. Klik tiket di kanban 2. Buka drawer detail | H5: Detail, percakapan, lampiran, dan riwayat status tampil lengkap. | J5: Not Run | K5: High
A6: AGN-004 | B6: AGENT | C6: Balas Tiket & Internal Note | D6: Agent membalas tiket (publik) dan menulis internal note (hanya agent). | E6: Ada tiket assigned ke agent. | F6: Isi balasan + internal note | G6: 1. Buka detail tiket 2. Tulis balasan publik 3. Tulis internal note 4. Kirim | H6: Balasan publik terlihat oleh pelapor; internal note hanya terlihat sesama agent. | J6: Not Run | K6: High
A7: AGN-005 | B7: AGENT | C7: Ubah Status Tiket | D7: Agent mengubah status tiket mengikuti alur yang benar. | E7: Tiket TODO/IN_PROGRESS. | F7: Ubah ke status berikutnya | G7: 1. Buka detail tiket 2. Ubah status 3. Simpan | H7: Status berubah sesuai alur (TODO → IN_PROGRESS → WAITING_VENDOR → RESOLVED). Perubahan tercatat. | J7: Not Run | K7: High
A8: AGN-006 | B8: AGENT | C8: Time Tracking | D8: Agent mencatat waktu pengerjaan tiket. | E8: Ada tiket yang sedang dikerjakan. | F8: Jam mulai & selesai | G8: 1. Buka Time Tracking di detail tiket 2. Isi jam mulai/selesai 3. Simpan | H8: Durasi tercatat dan terhubung ke tiket & teknisi. | J8: Not Run | K8: Medium
A9: AGN-007 | B9: AGENT | C9: Ticket Templates | D9: Agent memakai template siap pakai untuk balasan. | E9: Ada template yang dibuat admin/agent. | F9: Pilih template | G9: 1. Buka detail tiket 2. Pilih template balasan 3. Kirim | H9: Isi template terisi otomatis di komposer balasan. | J9: Not Run | K9: Medium
A10: AGN-008 | B10: AGENT | C10: Ticket Merge | D10: Agent menggabungkan tiket duplikat. | E10: Ada 2 tiket duplikat. | F10: Pilih tiket sumber & target | G10: 1. Pilih tiket duplikat 2. Merge ke tiket utama | H10: Tiket tergabung; riwayat merge tercatat. | J10: Not Run | K10: Medium
A11: AGN-009 | B11: AGENT | C11: Survei Kepuasan | D11: Pelapor mengisi survei setelah tiket RESOLVED. | E11: Tiket sudah RESOLVED. | F11: Rating & feedback | G11: 1. Buka tiket RESOLVED 2. Isi survei | H11: Rating & feedback tersimpan terhubung ke tiket. | J11: Not Run | K11: Medium
A12: AGN-010 | B12: AGENT | C12: Kalender Instalasi Hardware | D12: Agent/teknisi melihat jadwal instalasi di kalender. | E12: Ada jadwal instalasi. | F12: Periode kalender | G12: 1. Buka Installation Calendar 2. Pilih tanggal/periode | H12: Jadwal instalasi tampil di kalender (FullCalendar) sesuai slot yang dijadwalkan. | J12: Not Run | K12: High
A13: AGN-011 | B13: AGENT | C13: Penjadwalan Instalasi | D13: Teknisi menjadwalkan instalasi untuk request yang sudah PROCURED. | E13: Request status PROCURED. | F13: Tanggal/jam slot + teknisi | G13: 1. Buka detail request PROCURED 2. Atur jadwal instalasi 3. Simpan | H13: Jadwal tersimpan; pemohon mendapat notifikasi & bisa pilih slot. | J13: Not Run | K13: High
A14: AGN-012 | B14: AGENT | C14: Tandai Instalasi Selesai | D14: Teknisi menandai instalasi sudah selesai di lapangan. | E14: Jadwal instalasi sudah lewat/waktunya. | F14: — | G14: 1. Buka jadwal/request 2. Klik Mark as Installed | H14: Status menjadi INSTALLED + AWAITING_CONFIRM; pemohon diminta konfirmasi dalam 24 jam. | J14: Not Run | K14: High
... A20: AGN-018 | B20: AGENT | C20: Real-time Update | D20: Perubahan tiket/request muncul langsung tanpa refresh (WebSocket). | E20: Dua sesi login (agent & user). | F20: Ubah status/balas tiket | G20: 1. Buka papan tiket di 2 browser 2. Ubah status di salah satu 3. Lihat di browser lain | H20: Perubahan muncul langsung di kedua sesi tanpa refresh. | J20: Not Run | K20: Medium

Sheet UAT_USER
A1: UAT_USER - USER ACCEPTANCE TEST
A2: Test Case ID | B2: Role | C2: Modul/Fungsi | D2: Skenario UAT | E2: Prasyarat | F2: Data Uji | G2: Langkah Pengujian | H2: Expected Result | I2: Actual Result | J2: Status | K2: Severity | L2: Tester | M2: Tanggal Test | N2: Evidence/Link | O2: Defect ID | P2: Catatan
A3: USE-001 | B3: USER | C3: Login | D3: Karyawan berhasil login dengan akun yang valid. | E3: Akun USER aktif. | F3: Akun USER yang masih aktif | G3: 1. Buka halaman login 2. Masukkan NIK/email & password 3. Klik Login | H3: Login berhasil; masuk ke Dashboard pribadi; riwayat login tercatat. | J3: Not Run | K3: High
A4: USE-002 | B4: USER | C4: Login — Gagal | D4: Login gagal bila password salah; akun terkunci bila salah berulang. | E4: Akun USER ada. | F4: Password salah | G4: 1. Masukkan password salah berulang kali | H4: Sistem menolak login dan menampilkan pesan; bila beruntun, akun terkunci sementara. | J4: Not Run | K4: High
A5: USE-003 | B5: USER | C5: Dashboard Pribadi | D5: Karyawan melihat ringkasan tiket miliknya & action items. | E5: Karyawan sudah login & punya tiket. | F5: — | G5: 1. Buka Dashboard 2. Lihat ringkasan | H5: Ringkasaan tiket pribadi, action items, dan notifikasi tampil sesuai data miliknya. | J5: Not Run | K5: High
A6: USE-004 | B6: USER | C6: Buat Tiket | D6: Karyawan membuat tiket helpdesk dengan kategori & prioritas. | E6: Karyawan login. | F6: Judul, deskripsi, kategori, prioritas, lampiran (opsional) | G6: 1. Buka Buat Tiket 2. Isi form 3. Lampirkan file bila perlu 4. Kirim | H6: Tiket terbuat dengan nomor tiket, status TODO, dan SLA mulai dihitung. | J6: Not Run | K6: High
A7: USE-005 | B7: USER | C7: Buat Tiket Oracle/K2 | D7: Karyawan membuat tiket tipe Oracle/K2. | E7: Karyawan login. | F7: Pilih tipe ORACLE_REQUEST, isi form | G7: 1. Buka Buat Tiket 2. Pilih tipe Oracle/K2 3. Isi & kirim | H7: Tiket Oracle/K2 terbuat dan hanya terlihat oleh agent Oracle. | J7: Not Run | K7: High
A8: USE-006 | B8: USER | C8: Riwayat Tiket | D8: Karyawan melihat daftar tiket miliknya dengan filter status. | E8: Karyawan punya beberapa tiket. | F8: Filter status (TODO/IN_PROGRESS/dsb.) | G8: 1. Buka My Tickets 2. Terapkan filter status | H8: Hanya tiket miliknya yang tampil, sesuai filter. | J8: Not Run | K8: High
A9: USE-007 | B9: USER | C9: Balas Tiket | D9: Karyawan membalas percakapan di tiket miliknya. | E9: Ada tiket miliknya yang IN_PROGRESS. | F9: Isi balasan | G9: 1. Buka detail tiket 2. Tulis balasan 3. Kirim | H9: Balasan terkirim dan terlihat di riwayat percakapan tiket. | J9: Not Run | K9: Medium
A10: USE-008 | B10: USER | C10: Permintaan Hardware | D10: Karyawan mengajukan permintaan hardware ICT. | E10: Karyawan login. | F10: Jenis barang, jumlah, justifikasi, lokasi | G10: 1. Buka Hardware Request → New 2. Isi form & daftar barang 3. Kirim | H10: Request terbuat dengan nomor, status DRAFT/SUBMITTED, menunggu persetujuan manager. | J10: Not Run | K10: High
A11: USE-009 | B11: USER | C11: Pilih Slot Instalasi | D11: Karyawan memilih slot jadwal yang ditawarkan teknisi. | E11: Request sudah SCHEDULED (ada slot). | F11: Pilih salah satu slot | G11: 1. Buka detail hardware request 2. Pilih slot yang tersedia 3. Konfirmasi | H11: Slot terpilih tersimpan; teknisi mendapat notifikasi. | J11: Not Run | K11: High
A12: USE-010 | B12: USER | C12: Konfirmasi Instalasi — Terima | D12: Karyawan konfirmasi instalasi sudah beres (ACCEPT_AS_IS). | E12: Instalasi sudah ditandai selesai (AWAITING_CONFIRM). | F12: Klik Accept | G12: 1. Buka detail request 2. Klik Accept As Is | H12: Status menjadi COMPLETED; tercatat waktu konfirmasi. | J12: Not Run | K12: High
A13: USE-011 | B13: USER | C13: Konfirmasi Instalasi — Lapor Masalah | D13: Karyawan lapor masalah setelah instalasi (REPORT_ISSUE). | E13: Instalasi AWAITING_CONFIRM. | F13: Deskripsi masalah | G13: 1. Buka detail request 2. Klik Report Issue 3. Isi masalah | H13: Laporan tercatat; request tidak auto-complete, menunggu tindak lanjut. | J13: Not Run | K13: High
A14: USE-012 | B14: USER | C14: Auto-Confirm 24 Jam | D14: Bila karyawan diam 24 jam setelah teknisi tandai selesai, sistem anggap diterima. | E14: Instalasi ditandai selesai 24 jam lalu tanpa konfirmasi. | F14: — (tunggu cron 5 menit) | G14: 1. Tandai instalasi selesai 2. Diamkan 24 jam 3. Periksa status | H14: Status otomatis menjadi COMPLETED (ACCEPT_AS_IS implisit) oleh cron. | J14: Not Run | K14: Medium
... A28: USE-026 | B28: USER | C28: PWA — Buka di HP | D28: Aplikasi bisa dibuka di ponsel sebagai PWA tanpa instalasi. | E28: — | F28: Buka via browser HP | G28: 1. Buka URL iDesk di browser HP 2. Tambahkan ke Home Screen (opsional) | H28: Aplikasi tampil responsif; bisa dipakai sebagai PWA. | J28: Not Run | K28: Low

Sheet 01_Urutan_UAT
A1: URUTAN EKSEKUSI UAT - iDesk Enterprise IT Helpdesk & Operations Platform
A2: Gunakan sheet ini sebagai panduan urutan pelaksanaan agar data master, tiket, approval, instalasi, dan laporan tersedia berurutan tanpa perlu bolak-balik role.
A4: Urutan | B4: Fase | C4: Role | D4: Test Case ID | E4: Modul/Fungsi | F4: Skenario UAT | G4: Prasyarat Utama | H4: Data/Kondisi yang Harus Disiapkan | I4: Status
A5: 1 | B5: 1. Setup master data & akun | C5: ADMIN | D5: ADM-001 | E5: Login & Akses | F5: Admin login dan melihat menu administrasi lengkap. | G5: Akun ADMIN aktif. | H5: Akun admin valid | I5: Not Run
A6: 2 | B6: 1. Setup master data & akun | C6: ADMIN | D6: ADM-003 | E6: Kelola Pengguna | F6: Admin menambah akun pengguna baru. | G6: Admin sudah login. | H6: Data pengguna baru (USER, MANAGER, AGENT) | I6: Not Run
A7: 3 | B7: 1. Setup master data & akun | C7: ADMIN | D7: ADM-007 | E7: Kelola Pengguna — Import CSV | F7: Admin import banyak pengguna via CSV. | G7: File CSV template. | H7: File CSV beberapa pengguna | I7: Not Run
A8: 4 | B8: 1. Setup master data & akun | C8: ADMIN | D8: ADM-006 | E8: Kelola Pengguna — Role | F8: Admin mengubah role pengguna. | G8: Ada pengguna. | H8: Role baru per pengguna | I8: Not Run
A9: 5 | B9: 1. Setup master data & akun | C9: ADMIN | D9: ADM-008 | E9: Department & Site | F9: Admin menambah/mengubah department & site. | G9: Admin login. | H9: Nama department/site baru | I9: Not Run
A10: 6 | B10: 1. Setup master data & akun | C10: ADMIN | D10: ADM-009 | E10: SLA Configuration | F10: Admin mengatur target SLA per prioritas. | G10: Admin login. | H10: Target menit per prioritas | I10: Not Run
A11: 7 | B11: 1. Setup master data & akun | C11: ADMIN | D11: ADM-010 | E11: Business Hours | F11: Admin mengatur jam kerja SLA. | G11: Admin login. | H11: Jam & hari kerja aktif | I11: Not Run
A12: 8 | B12: 1. Setup master data & akun | C12: ADMIN | D12: ADM-011 | E12: Workflow Rule | F12: Admin membuat automation rule. | G12: Admin login. | H12: Rule trigger/condition/action | I12: Not Run
A13: 9 | B13: 1. Setup master data & akun | C13: ADMIN | D13: ADM-013 | E13: Permissions | F13: Admin mengatur izin fitur per pengguna. | G13: Admin login. | H13: Preset & izin per fitur | I13: Not Run
A14: 10 | B14: 1. Setup master data & akun | C14: ADMIN | D14: ADM-017 | E14: Zoom Admin | F14: Admin menambah akun Zoom korporat. | G14: Admin login. | H14: Email akun Zoom | I14: Not Run
A15: 11 | B15: 2. Konfigurasi pendukung | C15: ADMIN | D15: ADM-016 | E15: System Settings | F15: Admin ubah branding & suara notifikasi. | G15: Admin login. | H15: Logo/nama/nada baru | I15: Not Run
A16: 12 | B16: 2. Konfigurasi pendukung | C16: ADMIN | D16: ADM-018 | E16: Synology Backup | F16: Admin atur target backup NAS. | G16: Admin login. | H16: Alamat NAS | I16: Not Run
... A60: 56 | B60: 8. Admin — laporan & audit | C60: ADMIN | D60: ADM-024 | E60: Validasi File | F60: Upload palsu ditolak. | G60: Coba upload palsu. | H60: File palsu | I60: Not Run

Sheet 02_Data_Siap_UAT
A1: CHECKLIST DATA & KONDISI YANG HARUS DISIAPKAN SEBELUM UAT — iDesk V2
A2: Tujuan: menghindari perpindahan role berulang — siapkan data master, akun, SLA, dan kondisi transaksi sebelum eksekusi berurutan.
A4: No | B4: Kategori Data/Kondisi | C4: Detail Persiapan | D4: Digunakan untuk Skenario | E4: PIC/Role | F4: Status | G4: Catatan
A5: 1 | B5: Akun & Role | C5: Siapkan akun ADMIN, MANAGER, AGENT (OPERATIONAL_SUPPORT & ORACLE), dan USER; plus 1 akun USER untuk negative test. | D5: ADM-001/003/006, MGR-001, AGN-001, USE-001/002/025 | E5: Admin | F5: Not Run | G5: Pastikan password & NIK/email diketahui tester.
A6: 2 | B6: Department & Site | C6: Buat minimal 2 department & 2 site (lokasi) agar filter & hak akses bisa diuji. | D6: ADM-008, ADM-003 | E6: Admin | F6: Not Run | G6: Site dipakai untuk isolasi data (Site Guard).
A7: 3 | B7: SLA & Business Hours | C7: Atur target SLA per prioritas (response & resolution) + jam kerja. Longgarkan target agar UAT tidak langsung breach. | D7: ADM-009/010, AGN-017 | E7: Admin | F7: Not Run | G7: Ini prasyarat hitung SLA; jangan mulai UAT sebelum diset.
A8: 4 | B8: Workflow Rule | C8: Buat 1 rule auto-assign tiket baru agar skenario AGN-016 bisa diuji. | D8: ADM-011, AGN-016 | E8: Admin | F8: Not Run | G8: Nonaktifkan bila ingin uji manual assignment.
A9: 5 | B9: Akun Zoom Korporat | C9: Tambah minimal 1 akun Zoom via Zoom Admin agar booking bisa dibuat. | D9: ADM-017, USE-016/017 | E9: Admin | F9: Not Run | G9: Butuh kredensial S2S OAuth yang valid.
A10: 6 | B10: Artikel Knowledge Base | C10: Buat 2–3 artikel PUBLISHED (campur Public/Internal) untuk uji cari & baca. | D10: AGN-015, USE-018 | E10: Agent/Admin | F10: Not Run | G10: Artikel DRAFT tidak muncul untuk USER biasa.
A11: 7 | B11: Data Tiket Awal | C11: Buat 3–5 tiket via USER (campur prioritas & kategori) agar kanban & dashboard terisi. | D11: USE-004/005, AGN-002/003 | E11: User | F11: Not Run | G11: Sertakan 1 tiket Oracle/K2 khusus untuk AGN-001.
A12: 8 | B12: Data Hardware Request | C12: Buat 2 request hardware (1 untuk flow normal, 1 untuk negative/reject). | D12: USE-008, MGR-007/008 | E12: User/Manager | F12: Not Run | G12: Butuh approval manager sebelum dijadwalkan.
A13: 9 | B13: Data eForm | C13: Buat 2 eForm (1 untuk approve 2 tingkat, 1 untuk reject). | D13: USE-013, MGR-003/004/005 | E13: User/Manager | F13: Not Run | G13: Siapkan tanda tangan digital bila diuji.
A14: 10 | B14: Data VPN Request | C14: Buat 1 VPN request untuk approval. | D14: USE-014, MGR-009 | E14: User/Manager | F14: Not Run | G14: —
A15: 11 | B15: Data Page Access Request | C15: Buat 1 page access request untuk approval. | D15: USE-015 | E15: User | F15: Not Run | G15: —
A16: 12 | B16: Data Instalasi Terjadwal | C16: Setelah hardware di-approve, jadwalkan 1 instalasi agar slot & konfirmasi bisa diuji. | D16: AGN-012, USE-009/010 | E16: Agent | F16: Not Run | G16: Butuh teknisi yang assigned.
... A20: 16 | B20: File Uji Validasi | C20: Siapkan file lampiran valid & 1 file palsu (ekstensi tidak sesuai isi) untuk uji validasi upload. | D20: ADM-024 | E20: Tester | F20: Not Run | G20: Validasi pakai magic bytes, bukan ekstensi.
