Workbook

Sheet Ringkasan
A1: Catering Management System - UAT Summary
A2: Tanggal Template | B2: 46175 | D2: Status | E2: Jumlah
A3: Total Test Case | B3: =SUM(B13:B16) -> 71 | D3: Pass | E3: =B4 -> 0
A4: Pass | B4: =SUM(C13:C16) -> 0 | D4: Fail | E4: =B5 -> 0
A5: Fail | B5: =SUM(D13:D16) -> 0 | D5: Blocked | E5: =B6 -> 0
A6: Blocked | B6: =SUM(E13:E16) -> 0 | D6: Not Run | E6: =B7 -> 71
A7: Not Run | B7: =SUM(F13:F16) -> 71
A8: N/A | B8: =SUM(G13:G16) -> 0
A9: Pass Rate | B9: =IF(B3=0,0,B4/B3) -> 0
A12: Role | B12: Total | C12: Pass | D12: Fail | E12: Blocked | F12: Not Run | G12: Pass Rate
A13: ADMIN | B13: =COUNTA(UAT_ADMIN!A3:A997) -> 29 | C13: =COUNTIF(UAT_ADMIN!J3:J997,"Pass") -> 0 | D13: =COUNTIF(UAT_ADMIN!J3:J997,"Fail") -> 0 | E13: =COUNTIF(UAT_ADMIN!J3:J997,"Blocked") -> 0 | F13: =COUNTIF(UAT_ADMIN!J3:J997,"Not Run") -> 29 | G13: =IF(B13=0,0,C13/B13) -> 0
A14: CANTEEN | B14: =COUNTA(UAT_CANTEEN!A3:A995) -> 8 | C14: =COUNTIF(UAT_CANTEEN!J3:J995,"Pass") -> 0 | D14: =COUNTIF(UAT_CANTEEN!J3:J995,"Fail") -> 0 | E14: =COUNTIF(UAT_CANTEEN!J3:J995,"Blocked") -> 0 | F14: =COUNTIF(UAT_CANTEEN!J3:J995,"Not Run") -> 8 | G14: =IF(B14=0,0,C14/B14) -> 0
A15: VENDOR | B15: =COUNTA(UAT_VENDOR!A3:A997) -> 7 | C15: =COUNTIF(UAT_VENDOR!J3:J997,"Pass") -> 0 | D15: =COUNTIF(UAT_VENDOR!J3:J997,"Fail") -> 0 | E15: =COUNTIF(UAT_VENDOR!J3:J997,"Blocked") -> 0 | F15: =COUNTIF(UAT_VENDOR!J3:J997,"Not Run") -> 7 | G15: =IF(B15=0,0,C15/B15) -> 0
A16: USER | B16: =COUNTA(UAT_USER!A3:A1000) -> 27 | C16: =COUNTIF(UAT_USER!J3:J1000,"Pass") -> 0 | D16: =COUNTIF(UAT_USER!J3:J1000,"Fail") -> 0 | E16: =COUNTIF(UAT_USER!J3:J1000,"Blocked") -> 0 | F16: =COUNTIF(UAT_USER!J3:J1000,"Not Run") -> 27 | G16: =IF(B16=0,0,C16/B16) -> 0
A17: ALL | B17: =SUM(B13:B16) -> 71 | C17: =SUM(C13:C16) -> 0 | D17: =SUM(D13:D16) -> 0 | E17: =SUM(E13:E16) -> 0 | F17: =SUM(F13:F16) -> 71 | G17: =IF(B17=0,0,C17/B17) -> 0
A22: Modul | B22: Total | C22: Pass | D22: Fail | E22: Blocked | F22: Not Run | G22: Pass Rate
A23: Open Defect | B23: 0 | C23: 0 | D23: 0 | E23: 0 | F23: 0 | G23: 0

Sheet Panduan
A1: PANDUAN PENGISIAN UAT - CATERING MANAGEMENT SYSTEM
A3: Kolom | B3: Cara Pengisian | D3: Status | E3: Keterangan | F3: Tindak Lanjut
A4: Test Case ID | B4: Nomor unik test case. Jangan diubah kecuali ada penambahan skenario. | D4: Pass | E4: Hasil sesuai expected result. | F4: Tidak perlu defect.
A5: Role | B5: Role pelaksana UAT: ADMIN, CANTEEN, VENDOR, USER, atau SYSTEM. | D5: Fail | E5: Hasil tidak sesuai expected result. | F5: Buat defect ID dan evidence.
A6: Modul/Fungsi | B6: Nama modul/fitur yang diuji. | D6: Blocked | E6: Tidak bisa diuji karena dependency/environment. | F6: Catat blocker dan PIC.
A7: Skenario UAT | B7: Kondisi bisnis atau fungsi yang akan divalidasi. | D7: Not Run | E7: Belum dijalankan. | F7: Masuk rencana eksekusi.
A8: Prasyarat | B8: Kondisi awal sebelum pengujian dilakukan. | D8: N/A | E8: Tidak berlaku pada scope UAT saat ini. | F8: Berikan catatan alasan.
A9: Data Uji | B9: Data yang digunakan selama pengujian.
A10: Langkah Pengujian | B10: Langkah eksekusi test yang harus dilakukan tester.
A11: Expected Result | B11: Hasil yang seharusnya muncul jika sistem berjalan benar.
A12: Actual Result | B12: Diisi tester sesuai hasil aktual.
A13: Status | B13: Pilih dari dropdown: Not Run, Pass, Fail, Blocked, atau N/A.

Sheet Dropdown
A1: Status | B1: Severity | D1: Role | E1: Status
A2: Not Run | B2: Critical | D2: ADMIN | E2: ADMINISTRATOR
A3: Pass | B3: High | D3: CANTEEN | E3: CANTEEN ROLE
A4: Fail | B4: Medium | D4: VENDOR | E4: VENDOR ROLE
A5: Blocked | B5: Low | D5: USER | E5: USER ROLE
A6: N/A

Sheet Referensi
A1: REFERENSI BLUEPRINT - CATERING MANAGEMENT SYSTEM VER. 4
A3: Area Blueprint | B3: Ringkasan Acuan | C3: Role Terkait | D3: Catatan
A4: Role-Based Access Control | B4: Empat role utama: ADMIN, CANTEEN, VENDOR, USER dengan akses berbeda. | C4: ALL | D4: Validasi menu, URL, API, dan data scope.
A5: Siklus Pemesanan | B5: User memilih tanggal, shift, kantin, menu; sistem validasi holiday, blacklist, cutoff, lalu generate QR. | C5: USER, SYSTEM | D5: Termasuk duplicate order dan cancel order.
A6: Check-in Station | B6: Staf kantin scan QR atau input NIK manual dengan validasi status, blacklist, shift, dan kantin. | C6: CANTEEN, SYSTEM | D6: Order valid berubah menjadi TAKEN.
A7: Cutoff Logic | B7: Create/cancel order diblokir jika CurrentTime melewati CutoffTime. | C7: USER, ADMIN, SYSTEM | D7: Mode per-shift dan mingguan.
A8: No-Show Cron | B8: Cron job mendeteksi ORDERED setelah shift selesai +5 menit dan mengubah status menjadi NO_SHOW. | C8: SYSTEM, ADMIN | D8: Berjalan tiap jam menit ke-05.
A9: Auto Blacklist | B9: Strike bertambah saat NO_SHOW dan blacklist otomatis aktif saat mencapai threshold. | C9: SYSTEM, ADMIN, USER | D9: Default threshold 3 dan durasi blacklist default 3 hari.
A10: Menu, Vendor, Jadwal | B10: Admin mengelola vendor, menu, gambar/kategori, schedule per hari/shift. | C10: ADMIN, VENDOR, USER | D10: Vendor melihat rekap porsi dan menu preview.
A11: Report & Export | B11: Admin dapat query transaksi, dashboard tren, dan export Excel. | C11: ADMIN, VENDOR | D11: Vendor fokus rekap porsi.
A12: Audit Trail | B12: Aktivitas penting dicatat sebagai audit log. | C12: ALL, SYSTEM | D12: Login, order, cancel, check-in, admin action.
A13: Infrastructure | B13: Docker, PM2 Cluster, Redis, PostgreSQL, Nginx/HTTPS, NTP, backup otomatis. | C13: SYSTEM, ADMIN | D13: Termasuk monitoring dan restore.
A14: Security | B14: JWT, RBAC, rate limiting, input validation, blacklist middleware, error handler. | C14: ALL, SYSTEM | D14: Termasuk negative test.
... A16: Kapasitas Sistem | B16: Mendukung >2.500 karyawan aktif dan 50 koneksi konkuren PostgreSQL. | C16: SYSTEM | D16: Uji performa disesuaikan dengan environment UAT.

Sheet UAT_ADMIN
A1: UAT_ADMIN - USER ACCEPTANCE TEST
A2: Test Case ID | B2: Role | C2: Modul/Fungsi | D2: Skenario UAT | E2: Prasyarat | F2: Data Uji | G2: Langkah Pengujian | H2: Expected Result | I2: Actual Result | J2: Status | K2: Severity | L2: Tester | M2: Tanggal Test | N2: Evidence/Link | O2: Defect ID | P2: Catatan
A3: ADM-001 | B3: ADMIN | C3: Login & RBAC | D3: Admin login dan memiliki full access menu administrasi. | E3: Akun ADMIN aktif. | F3: Credential admin valid | G3: 1. Login sebagai ADMIN 2. Periksa menu dashboard | H3: Dashboard ADMIN tampil dengan akses user management, shift config, blacklist, cost analysis, audit log, backup/restore, email, NTP, branding, announcements, vendor/menu, server monitoring. | J3: Not Run | K3: High
A4: ADM-002 | B4: ADMIN | C4: Dashboard | D4: Admin melihat statistik real-time transaksi. | E4: Data order tersedia. | F4: Tanggal/periode aktif | G4: 1. Buka dashboard admin 2. Amati transaksi | H4: total order, taken, no-show, cancel, tren/summary tampil dan sesuai data. | J4: Not Run | K4: High
A5: ADM-003 | B5: ADMIN | C5: User Management | D5: Admin dapat menambah user baru. | E5: Admin login. | F5: Data user baru lengkap | G5: 1. Buka User Management 2. Klik Add User 3. Isi data 4. Simpan | H5: User baru tersimpan dengan role yang dipilih dan dapat digunakan login sesuai status aktif. | J5: Not Run | K5: High
A6: ADM-004 | B6: ADMIN | C6: User Management | D6: Admin dapat mengubah data user. | E6: User sudah tersedia. | F6: Perubahan departemen/status/role | G6: 1. Buka detail user 2. Edit data 3. Simpan | H6: Perubahan tersimpan dan audit log update user tercatat. | J6: Not Run | K6: High
A7: ADM-005 | B7: ADMIN | C7: User Management | D7: Admin dapat menonaktifkan user. | E7: User aktif tersedia. | F7: Status inactive | G7: 1. Pilih user 2. Set inactive 3. Simpan 4. Coba login user | H7: User tidak dapat login/menggunakan sistem sesuai aturan inactive. | J7: Not Run | K7: High
A8: ADM-006 | B8: ADMIN | C8: RBAC Management | D8: Admin dapat menetapkan role USER/CANTEEN/VENDOR/ADMIN. | E8: User tersedia. | F8: Role baru | G8: 1. Edit role user 2. Simpan 3. Login sebagai user tersebut | H8: Akses menu berubah sesuai role baru. | J8: Not Run | K8: High
A9: ADM-007 | B9: ADMIN | C9: Shift Management | D9: Admin dapat membuat/mengubah shift. | E9: Admin login. | F9: Nama shift, jam mulai, jam selesai | G9: 1. Buka Shift Config 2. Tambah/edit shift 3. Simpan | H9: Shift tersimpan dan dapat digunakan pada jadwal/order. | J9: Not Run | K9: High
A10: ADM-008 | B10: ADMIN | C10: Cutoff Settings | D10: Admin dapat mengatur cutoff per-shift. | E10: Shift tersedia. | F10: cutoffDays/cutoffHours | G10: 1. Buka Settings Cutoff 2. Pilih mode per-shift 3. Simpan konfigurasi | H10: Sistem memakai cutoff per-shift untuk create/cancel order. | J10: Not Run | K10: High
A11: ADM-009 | B11: ADMIN | C11: Cutoff Settings | D11: Admin dapat mengatur cutoff mingguan. | E11: Admin login. | F11: weeklyCutoffDay/hour/minute | G11: 1. Buka Settings Cutoff 2. Pilih mode mingguan 3. Simpan | H11: Sistem memakai cutoff mingguan untuk pemesanan minggu depan. | J11: Not Run | K11: High
A12: ADM-010 | B12: ADMIN | C12: Holiday Management | D12: Admin dapat menambah tanggal libur. | E12: Admin login. | F12: Tanggal libur dan keterangan | G12: 1. Buka Holiday 2. Tambah tanggal libur 3. Simpan | H12: Tanggal libur tersimpan dan user tidak bisa order pada tanggal tersebut. | J12: Not Run | K12: Medium
A13: ADM-011 | B13: ADMIN | C13: Canteen Management | D13: Admin dapat menambah/mengubah data kantin. | E13: Admin login. | F13: Nama kantin, lokasi, status | G13: 1. Buka Canteen Management 2. Tambah/edit kantin 3. Simpan | H13: Kantin tersimpan dan dapat dipilih saat order/check-in sesuai status aktif. | J13: Not Run | K13: Medium
A14: ADM-012 | B14: ADMIN | C14: Vendor Management | D14: Admin dapat menambah/mengubah vendor. | E14: Admin login. | F14: Nama vendor, PIC, status | G14: 1. Buka Vendor Management 2. Tambah/edit vendor 3. Simpan | H14: Vendor tersimpan dan dapat dipakai dalam menu/jadwal serta dashboard vendor. | J14: Not Run | K14: Medium
... A31: ADM-029 | B31: ADMIN | C31: Version Info | D31: Admin dapat melihat informasi versi aplikasi. | E31: Admin login. | F31: - | G31: 1. Buka Version/About Admin | H31: Versi aplikasi/backend/frontend tampil sesuai release. | J31: Not Run | K31: Low

Sheet UAT_CANTEEN
A1: UAT_CANTEEN - USER ACCEPTANCE TEST
A2: Test Case ID | B2: Role | C2: Modul/Fungsi | D2: Skenario UAT | E2: Prasyarat | F2: Data Uji | G2: Langkah Pengujian | H2: Expected Result | I2: Actual Result | J2: Status | K2: Severity | L2: Tester | M2: Tanggal Test | N2: Evidence/Link | O2: Defect ID | P2: Catatan
A3: CAN-001 | B3: CANTEEN | C3: Login & RBAC | D3: Staf kantin login dan hanya melihat menu check-in station/statistik harian. | E3: Akun CANTEEN aktif. | F3: Credential CANTEEN valid | G3: 1. Login sebagai CANTEEN 2. Periksa menu yang tersedia | H3: Dashboard CANTEEN tampil hanya dengan fitur check-in dan statistik harian; fitur admin/vendor/user tidak tampil. | J3: Not Run | K3: High
A4: CAN-002 | B4: CANTEEN | C4: QR Scanner | D4: Staf kantin dapat scan QR NIK valid. | E4: Order status ORDERED, user tidak blacklist, shift & kantin sesuai. | F4: QR NIK valid | G4: 1. Buka Check-in Station 2. Scan QR | H4: Order tervalidasi dan status berubah menjadi TAKEN; audit log CHECK_IN tercatat. | J4: Not Run | K4: High
A5: CAN-003 | B5: CANTEEN | C5: Manual NIK Check-in | D5: Staf kantin dapat melakukan input manual NIK jika QR tidak dapat discan. | E5: Order ORDERED tersedia untuk NIK tersebut. | F5: NIK user valid | G5: 1. Buka input manual 2. Masukkan NIK 3. Pilih order valid 4. Konfirmasi check-in | H5: Order berhasil diambil dan status berubah menjadi TAKEN. | J5: Not Run | K5: High
A6: CAN-004 | B6: CANTEEN | C6: Validation | D6: Check-in ditolak jika order tidak ditemukan. | E6: Tidak ada order untuk QR/NIK. | F6: QR invalid/NIK tanpa order | G6: 1. Scan QR invalid atau input NIK tanpa order | H6: Sistem menolak dengan pesan order tidak ditemukan. | J6: Not Run | K6: High
A7: CAN-005 | B7: CANTEEN | C7: Validation | D7: Check-in ditolak jika status order bukan ORDERED. | E7: Order status CANCELLED/TAKEN/NO_SHOW. | F7: QR order non-ORDERED | G7: 1. Scan QR order non-ORDERED | H7: Sistem menolak karena pesanan sudah diambil/dibatalkan/tidak valid. | J7: Not Run | K7: High
A8: CAN-006 | B8: CANTEEN | C8: Validation | D8: Check-in ditolak jika user sedang blacklist. | E8: User terblacklist aktif. | F8: QR/NIK user blacklist | G8: 1. Scan QR atau input NIK user blacklist | H8: Sistem memblokir check-in dan menampilkan status user blacklist. | J8: Not Run | K8: High
A9: CAN-007 | B9: CANTEEN | C9: Validation | D9: Check-in ditolak jika shift tidak sesuai. | E9: Order untuk shift berbeda dari shift berjalan. | F9: QR shift lain | G9: 1. Scan QR order shift lain | H9: Sistem menolak dengan pesan shift tidak sesuai. | J9: Not Run | K9: High
A10: CAN-008 | B10: CANTEEN | C10: Validation | D10: Check-in ditolak jika kantin tidak sesuai. | E10: Order dibuat untuk kantin berbeda. | F10: QR order kantin lain | G10: 1. Login kantin A 2. Scan QR order kantin B | H10: Sistem menolak dengan pesan kantin tidak sesuai. | J10: Not Run | K10: High

Sheet UAT_VENDOR
A1: UAT_VENDOR - USER ACCEPTANCE TEST
A2: Test Case ID | B2: Role | C2: Modul/Fungsi | D2: Skenario UAT | E2: Prasyarat | F2: Data Uji | G2: Langkah Pengujian | H2: Expected Result | I2: Actual Result | J2: Status | K2: Severity | L2: Tester | M2: Tanggal Test | N2: Evidence/Link | O2: Defect ID | P2: Catatan
A3: VEN-001 | B3: VENDOR | C3: Login & RBAC | D3: Vendor login dan hanya melihat dashboard vendor. | E3: Akun VENDOR aktif. | F3: Credential vendor valid | G3: 1. Login sebagai VENDOR 2. Periksa menu | H3: Dashboard vendor tampil; akses admin/canteen/user ditolak. | J3: Not Run | K3: High
A4: VEN-002 | B4: VENDOR | C4: Dashboard Rekap Porsi | D4: Vendor dapat melihat rekap jumlah porsi per tanggal/shift/kantin. | E4: Ada order aktif pada periode dipilih. | F4: Filter tanggal/shift/kantin | G4: 1. Buka Dashboard Vendor 2. Pilih filter periode | H4: Rekap porsi tampil sesuai jumlah order valid, tidak menghitung cancelled jika aturan mengecualikan cancelled. | J4: Not Run | K4: High
A5: VEN-003 | B5: VENDOR | C5: Pickup Stats | D5: Vendor dapat melihat statistik pickup/check-in. | E5: Ada order TAKEN dan ORDERED. | F5: Tanggal/shift tertentu | G5: 1. Buka Pickup Stats | H5: Jumlah porsi diambil, belum diambil, dan rasio pickup tampil sesuai data. | J5: Not Run | K5: Medium
A6: VEN-004 | B6: VENDOR | C6: Filter | D6: Filter dashboard vendor bekerja sesuai periode. | E6: Data tersedia multi tanggal/shift. | F6: Range tanggal dan shift | G6: 1. Gunakan filter tanggal/shift 2. Bandingkan hasil | H6: Data berubah sesuai filter yang dipilih. | J6: Not Run | K6: Medium
A7: VEN-005 | B7: VENDOR | C7: Export/Download | D7: Vendor dapat mengekspor rekap porsi jika fitur tersedia untuk vendor. | E7: Hak akses export vendor aktif. | F7: Filter rekap porsi | G7: 1. Pilih filter 2. Klik Export | H7: File export berhasil diunduh dan isinya sesuai data yang tampil. | J7: Not Run | K7: Medium
A8: VEN-006 | B8: VENDOR | C8: Realtime/Refresh | D8: Dashboard vendor memperbarui data setelah ada order baru/cancel. | E8: SSE/refresh aktif, order baru dibuat. | F8: Order baru atau cancel | G8: 1. Buka dashboard vendor 2. Buat/cancel order dari user lain 3. Amati perubahan | H8: Rekap terupdate secara real-time atau setelah refresh sesuai desain sistem. | J8: Not Run | K8: Medium
A9: VEN-007 | B9: VENDOR | C9: Access Negative | D9: Vendor tidak dapat mengubah menu/jadwal jika tidak diberi akses admin. | E9: Vendor login. | F9: URL/API edit menu | G9: 1. Coba akses endpoint/halaman edit menu | H9: Sistem menolak dengan status akses tidak berwenang. | J9: Not Run | K9: High

Sheet UAT_USER
A1: UAT_USER - USER ACCEPTANCE TEST
A2: Test Case ID | B2: Role | C2: Modul/Fungsi | D2: Skenario UAT | E2: Prasyarat | F2: Data Uji | G2: Langkah Pengujian | H2: Expected Result | I2: Actual Result | J2: Status | K2: Severity | L2: Tester | M2: Tanggal Test | N2: Evidence/Link | O2: Defect ID | P2: Catatan
A3: USE-001 | B3: USER | C3: Login & Authentication | D3: User berhasil login menggunakan NIK/email dan password valid. | E3: Akun USER aktif dan tidak terkunci. | F3: NIK/email valid, password valid | G3: 1. Buka halaman login 2. Input NIK/email dan password 3. Klik Login | H3: Login berhasil, token/session terbentuk, audit log LOGIN tercatat, user diarahkan ke Dashboard USER. | J3: Not Run | K3: High
A4: USE-002 | B4: USER | C4: Login & Authentication | D4: User gagal login jika kredensial salah. | E4: Akun USER tersedia. | F4: NIK/email valid, password salah | G4: 1. Input kredensial salah 2. Klik Login | H4: Sistem menolak login dan menampilkan pesan error kredensial salah tanpa membuka dashboard. | J4: Not Run | K4: High
A5: USE-003 | B5: USER | C5: RBAC | D5: User tidak dapat mengakses menu/URL ADMIN, CANTEEN, atau VENDOR. | E5: User sudah login. | F5: URL/menu role lain | G5: 1. Login sebagai USER 2. Akses URL admin/canteen/vendor secara langsung | H5: Akses ditolak atau redirect sesuai desain; tidak ada data role lain yang tampil. | J5: Not Run | K5: High
A6: USE-004 | B6: USER | C6: Order Meal | D6: User dapat melihat kalender/tanggal pemesanan yang tersedia. | E6: User login, jadwal menu aktif, user tidak blacklist. | F6: Tanggal kerja tersedia | G6: 1. Buka Order Meal 2. Pilih bulan/tanggal | H6: Kalender tampil, tanggal tersedia dapat dipilih, tanggal tidak tersedia/libur tidak dapat dipesan. | J6: Not Run | K6: Medium
A7: USE-005 | B7: USER | C7: Order Meal | D7: User dapat memilih shift, kantin, dan menu lalu membuat order. | E7: Cutoff belum lewat, menu dan kantin aktif. | F7: Tanggal, shift, kantin, menu valid | G7: 1. Buka Order Meal 2. Pilih tanggal 3. Pilih shift 4. Pilih kantin 5. Pilih menu 6. Klik Submit/Order | H7: Order berhasil dibuat dengan status ORDERED dan muncul nomor/order detail. | J7: Not Run | K7: High
A8: USE-006 | B8: USER | C8: Order Meal | D8: QR Code otomatis terbentuk setelah order valid. | E8: Order berhasil dibuat. | F8: Order status ORDERED | G8: 1. Buat order valid 2. Buka detail order/QR | H8: QR Code tampil dan merepresentasikan order yang valid. | J8: Not Run | K8: High
A9: USE-007 | B9: USER | C9: Order Meal | D9: User tidak dapat membuat order pada tanggal libur. | E9: Holiday sudah dikonfigurasi admin. | F9: Tanggal libur | G9: 1. Buka Order Meal 2. Pilih tanggal libur 3. Coba submit order | H9: Sistem menolak order dan menampilkan informasi tanggal libur/tidak tersedia. | J9: Not Run | K9: Medium
A10: USE-008 | B10: USER | C10: Order Meal | D10: User tidak dapat membuat order pada tanggal tanpa jadwal menu. | E10: Tidak ada schedule menu untuk tanggal/shift tertentu. | F10: Tanggal/shift tanpa schedule | G10: 1. Pilih tanggal/shift tanpa jadwal 2. Coba submit | H10: Sistem menolak dengan pesan jadwal/menu tidak tersedia. | J10: Not Run | K10: Medium
A11: USE-009 | B11: USER | C11: Cutoff Logic | D11: User tidak dapat membuat order setelah waktu cutoff. | E11: Waktu server melewati cutoff, user tidak blacklist. | F11: Tanggal/shift melewati cutoff | G11: 1. Pilih tanggal/shift yang sudah melewati cutoff 2. Klik Submit | H11: Sistem memblokir order dan menampilkan pesan melewati batas waktu pemesanan. | J11: Not Run | K11: High
A12: USE-010 | B12: USER | C12: Blacklist | D12: User yang sedang blacklist tidak dapat membuat order. | E12: User dalam status blacklist aktif. | F12: Akun USER blacklist | G12: 1. Login sebagai user blacklist 2. Buka Order Meal 3. Coba submit order | H12: Sistem menolak pembuatan order dengan pesan user sedang diblokir/blacklist. | J12: Not Run | K12: High
A13: USE-011 | B13: USER | C13: Duplicate Order | D13: User tidak dapat membuat order ganda untuk tanggal/shift/kantin yang sama. | E13: Sudah ada order aktif untuk tanggal/shift/kantin tersebut. | F13: Order yang sama | G13: 1. Buat order pertama 2. Ulangi order dengan data yang sama | H13: Sistem menolak duplicate order atau hanya mempertahankan satu order valid. | J13: Not Run | K13: High
A14: USE-012 | B14: USER | C14: Cancel Order | D14: User dapat membatalkan order sebelum cutoff cancel. | E14: Order status ORDERED, belum lewat cutoff pembatalan. | F14: Order valid | G14: 1. Buka History 2. Pilih order ORDERED 3. Klik Cancel 4. Konfirmasi | H14: Status order berubah menjadi CANCELLED dan audit log ORDER_CANCEL tercatat. | J14: Not Run | K14: High
... A29: USE-027 | B29: USER | C29: Logout | D29: User berhasil logout. | E29: User login. | F29: Session aktif | G29: 1. Klik Logout | H29: Session/token dihapus, user kembali ke halaman login dan tidak dapat mengakses halaman internal tanpa login ulang. | J29: Not Run | K29: High

Sheet 01_Urutan_UAT
A1: URUTAN EKSEKUSI UAT - CATERING MANAGEMENT SYSTEM
A2: Gunakan sheet ini sebagai panduan urutan pelaksanaan agar data order, order window, QR, check-in, dashboard, dan report tersedia sebelum skenario terkait diuji.
A4: Urutan | B4: Fase | C4: Role | D4: Test Case ID | E4: Modul/Fungsi | F4: Skenario UAT | G4: Prasyarat Utama | H4: Data/Kondisi yang Harus Disiapkan | I4: Status
A5: 1 | B5: 1. Setup master data & order window | C5: ADMIN | D5: ADM-001 | E5: Login & RBAC | F5: Admin login dan memiliki full access menu administrasi. | G5: Akun ADMIN aktif. | H5: Credential admin valid | I5: Not Run
A6: 2 | B6: 1. Setup master data & order window | C6: ADMIN | D6: ADM-003 | E6: User Management | F6: Admin dapat menambah user baru. | G6: Admin login. | H6: Data user baru lengkap | I6: Not Run
A7: 3 | B7: 1. Setup master data & order window | C7: ADMIN | D7: ADM-004 | E7: User Management | F7: Admin dapat mengubah data user. | G7: User sudah tersedia. | H7: Perubahan departemen/status/role | I7: Not Run
A8: 4 | B8: 1. Setup master data & order window | C8: ADMIN | D8: ADM-006 | E8: RBAC Management | F8: Admin dapat menetapkan role USER/CANTEEN/VENDOR/ADMIN. | G8: User tersedia. | H8: Role USER, CANTEEN, VENDOR, ADMIN | I8: Not Run
A9: 5 | B9: 1. Setup master data & order window | C9: ADMIN | D9: ADM-007 | E9: Shift Management | F9: Admin dapat membuat/mengubah shift. | G9: Admin login. | H9: Shift operasional lengkap | I9: Not Run
A10: 6 | B10: 1. Setup master data & order window | C10: ADMIN | D10: ADM-008 | E10: Cutoff Settings | F10: Admin dapat mengatur cutoff per-shift. | G10: Shift tersedia. | H10: Cutoff dibuat longgar untuk kebutuhan UAT | I10: Not Run
A11: 7 | B11: 1. Setup master data & order window | C11: ADMIN | D11: ADM-009 | E11: Cutoff Settings | F11: Admin dapat mengatur cutoff mingguan. | G11: Admin login. | H11: Weekly cutoff dibuka/diatur agar order window aktif | I11: Not Run
A12: 8 | B12: 1. Setup master data & order window | C12: ADMIN | D12: ADM-011 | E12: Canteen Management | F12: Admin dapat menambah/mengubah data kantin. | G12: Admin login. | H12: Data kantin aktif | I12: Not Run
A13: 9 | B13: 1. Setup master data & order window | C13: ADMIN | D13: ADM-012 | E13: Vendor Management | F13: Admin dapat menambah/mengubah vendor. | G13: Admin login. | H13: Data vendor aktif | I13: Not Run
A14: 10 | B14: 1. Setup master data & order window | C14: ADMIN | D14: ADM-013 | E14: Menu Management | F14: Admin dapat menambah item menu lengkap dengan kategori/gambar. | G14: Vendor tersedia. | H14: Data menu aktif | I14: Not Run
A15: 11 | B15: 1. Setup master data & order window | C15: ADMIN | D15: ADM-014 | E15: Menu Schedule | F15: Admin dapat membuat jadwal menu mingguan per hari/shift/kantin/vendor. | G15: Shift, kantin, vendor, menu tersedia. | H15: Jadwal menu aktif untuk tanggal UAT | I15: Not Run
A16: 12 | B16: 2. Setup konfigurasi pendukung | C16: ADMIN | D16: ADM-010 | E16: Holiday Management | F16: Admin dapat menambah tanggal libur. | G16: Admin login. | H16: Tanggal libur dummy untuk negative test | I16: Not Run
... A75: 71 | B75: 8. Admin reporting, monitoring & closing test | C75: ADMIN | D75: ADM-029 | E75: Version Info | F75: Admin dapat melihat informasi versi aplikasi. | G75: Admin login. | H75: Informasi release | I75: Not Run

Sheet 02_Data_Siap_UAT
A1: CHECKLIST DATA & KONDISI YANG HARUS DISIAPKAN SEBELUM UAT
A2: Tujuan: menghindari perpindahan role berulang saat UAT karena data order, schedule, cutoff, atau status transaksi belum tersedia.
A4: No | B4: Kategori Data/Kondisi | C4: Detail Persiapan | D4: Digunakan untuk Skenario | E4: PIC/Role | F4: Status | G4: Catatan
A5: 1 | B5: Akun & Role | C5: Siapkan akun ADMIN, USER aktif, USER blacklist, CANTEEN, dan VENDOR. | D5: ADM-001/003/006, USE-001/010, CAN-001, VEN-001 | E5: Admin | F5: Not Run | G5: Pastikan password/credential sudah diketahui tester.
A6: 2 | B6: Master Shift | C6: Buat shift yang dipakai pada tanggal UAT, termasuk variasi shift berbeda. | D6: ADM-007, ADM-014, USE-005, CAN-007 | E6: Admin | F6: Not Run | G6: Minimal 2 shift untuk negative test shift tidak sesuai.
A7: 3 | B7: Order Window/Cutoff | C7: Atur cutoff agar pemesanan dan cancel order bisa dilakukan saat UAT. | D7: ADM-008/009, USE-005, USE-012 | E7: Admin | F7: Not Run | G7: Jangan mulai UAT sebelum order window terbuka.
A8: 4 | B8: Master Kantin | C8: Siapkan minimal 2 kantin aktif. | D8: ADM-011, USE-005, CAN-008 | E8: Admin | F8: Not Run | G8: Dibutuhkan untuk test kantin tidak sesuai.
A9: 5 | B9: Master Vendor | C9: Siapkan vendor aktif yang terhubung dengan menu/jadwal. | D9: ADM-012, ADM-013, VEN-002 | E9: Admin | F9: Not Run | G9: Pastikan vendor dapat login.
A10: 6 | B10: Master Menu | C10: Siapkan beberapa menu aktif dengan kategori/gambar/deskripsi. | D10: ADM-013, ADM-014, USE-022 | E10: Admin | F10: Not Run | G10: Menu harus muncul di preview dan order.
A11: 7 | B11: Menu Schedule | C11: Buat jadwal menu untuk tanggal UAT, minimal multi tanggal/shift/kantin. | D11: ADM-014, USE-004/005, VEN-004 | E11: Admin | F11: Not Run | G11: Ini prasyarat utama sebelum user create order.
A12: 8 | B12: Tanggal Libur Dummy | C12: Siapkan 1 tanggal libur untuk negative test. | D12: ADM-010, USE-007 | E12: Admin | F12: Not Run | G12: Jangan gunakan tanggal utama UAT jika mengganggu flow.
A13: 9 | B13: Data Order ORDERED | C13: Buat order valid dari user untuk tanggal/shift/kantin aktif. | D13: USE-005/006/011, CAN-002/003, VEN-002 | E13: User | F13: Not Run | G13: Minimal beberapa order agar report/dashboard terbaca.
A14: 10 | B14: Data Order CANCELLED | C14: Buat order lalu cancel sebelum cutoff. | D14: USE-012/016, CAN-005, ADM-022 | E14: User | F14: Not Run | G14: Gunakan order khusus agar tidak mengganggu test check-in.
A15: 11 | B15: Data Order TAKEN | C15: Lakukan check-in untuk order valid. | D15: CAN-002/003, USE-017, VEN-003, ADM-002 | E15: Canteen | F15: Not Run | G15: Dibutuhkan untuk pickup stats dan dashboard admin.
A16: 12 | B16: Data NO_SHOW/Blacklist | C16: Siapkan kondisi user dengan strike/blacklist aktif. | D16: USE-010, CAN-006, ADM-015/016/017 | E16: Admin | F16: Not Run | G16: Bisa mockup bila proses no-show otomatis belum siap.
... A19: 15 | B19: Cost Data | C19: Siapkan cost per porsi/periode jika modul cost membutuhkan input. | D19: ADM-024 | E19: Admin | F19: Not Run | G19: Dibutuhkan untuk validasi cost analysis.
